{"cameraMode":{"drawMode":0,"name":"Shaded","section":"Shading Mode"},"sceneLighting":true,"audioPlay":false,"sceneViewState":{"showFog":true,"showMaterialUpdate":false,"showSkybox":true,"showFlares":true,"showImageEffects":true,"showParticleSystems":true},"in2DMode":false,"pivot":{"x":-11.524866104125977,"y":176.51783752441407,"z":-4.159987926483154},"rotation":{"x":0.27945536375045779,"y":0.2896425426006317,"z":-0.0888376533985138,"w":0.9111142754554749},"size":313.0876159667969,"orthographic":true}